{
  "protocol": "aci_synthetic_adversarial_boss_v1",
  "candidate": "ActiveCoalitionCellular({'min_delta': 0.15, 'max_silence_hazard': 0.55, 'null_rho_gain': 0.3, 'null_pe_floor': 0.35, 'null_pe_span': 0.5, 'null_err_beta': 0.3, 'force_all_positive_null': True, 'fe_cert_slack': 0.0})",
  "regression_seeds": [
    15200,
    15201
  ],
  "fresh_holdout_seeds": [
    15300,
    15301,
    15302,
    15303
  ],
  "gate_slacks": {
    "accuracy": 0.015,
    "changed_fact": 0.025
  },
  "results": {
    "fair_provenance_graph": {
      "regression": {
        "mean": {
          "accuracy": 0.971031746031746,
          "changed_fact_accuracy": 0.9482472053110962,
          "brier": 0.022615802481255314,
          "ece": 0.014375401054627066,
          "false_certainty": 0.01277281746031746,
          "avg_activated": 12.0,
          "ops_per_correct": 20.988745374278672,
          "silence_events": 0.0,
          "null_diagnostic_events": 0.0,
          "fe_certificates": 0.0
        },
        "sd": {
          "accuracy": 0.006243303921190803,
          "changed_fact_accuracy": 0.00616516469079622,
          "brier": 0.004419110031125028,
          "ece": 0.0021416271886867295,
          "false_certainty": 0.0020694097266868204,
          "avg_activated": 0.0,
          "ops_per_correct": 0.16969683837510213,
          "silence_events": 0.0,
          "null_diagnostic_events": 0.0,
          "fe_certificates": 0.0
        },
        "runs": [
          {
            "accuracy": 0.9754464285714286,
            "changed_fact_accuracy": 0.95260663507109,
            "brier": 0.01949101981143731,
            "ece": 0.012861041946733197,
            "false_certainty": 0.01130952380952381,
            "avg_activated": 12.0,
            "ops_per_correct": 20.86875158911772,
            "silence_events": 0,
            "null_diagnostic_events": 0,
            "fe_certificates": 0
          },
          {
            "accuracy": 0.9666170634920634,
            "changed_fact_accuracy": 0.9438877755511023,
            "brier": 0.025740585151073317,
            "ece": 0.015889760162520934,
            "false_certainty": 0.01423611111111111,
            "avg_activated": 12.0,
            "ops_per_correct": 21.108739159439626,
            "silence_events": 0,
            "null_diagnostic_events": 0,
            "fe_certificates": 0
          }
        ],
        "params": {
          "lr": 0.12,
          "decay": 0.98,
          "claim": 0.5
        },
        "seeds": [
          15200,
          15201
        ]
      },
      "fresh": {
        "mean": {
          "accuracy": 0.9677579365079365,
          "changed_fact_accuracy": 0.9520837686542587,
          "brier": 0.02501995815288894,
          "ece": 0.016130560988562657,
          "false_certainty": 0.01460813492063492,
          "avg_activated": 12.0,
          "ops_per_correct": 21.003863796112707,
          "silence_events": 0.0,
          "null_diagnostic_events": 0.0,
          "fe_certificates": 0.0
        },
        "sd": {
          "accuracy": 0.009136683941629533,
          "changed_fact_accuracy": 0.0178008031397859,
          "brier": 0.007247565807312533,
          "ece": 0.005688770092661431,
          "false_certainty": 0.004315286135813757,
          "avg_activated": 0.0,
          "ops_per_correct": 0.18748726396966536,
          "silence_events": 0.0,
          "null_diagnostic_events": 0.0,
          "fe_certificates": 0.0
        },
        "runs": [
          {
            "accuracy": 0.9636904761904762,
            "changed_fact_accuracy": 0.9487230646448523,
            "brier": 0.02851975316166082,
            "ece": 0.019319908362527335,
            "false_certainty": 0.017162698412698414,
            "avg_activated": 12.0,
            "ops_per_correct": 21.134702491249744,
            "silence_events": 0,
            "null_diagnostic_events": 0,
            "fe_certificates": 0
          },
          {
            "accuracy": 0.9763888888888889,
            "changed_fact_accuracy": 0.9709241952232607,
            "brier": 0.0180937064828287,
            "ece": 0.010574013350657795,
            "false_certainty": 0.010565476190476191,
            "avg_activated": 12.0,
            "ops_per_correct": 20.839361918309287,
            "silence_events": 0,
            "null_diagnostic_events": 0,
            "fe_certificates": 0
          },
          {
            "accuracy": 0.9568452380952381,
            "changed_fact_accuracy": 0.9291035191369124,
            "brier": 0.03349668411669959,
            "ece": 0.022473489498943875,
            "false_certainty": 0.019345238095238096,
            "avg_activated": 12.0,
            "ops_per_correct": 21.194919647485744,
            "silence_events": 0,
            "null_diagnostic_events": 0,
            "fe_certificates": 0
          },
          {
            "accuracy": 0.9741071428571428,
            "changed_fact_accuracy": 0.9595842956120092,
            "brier": 0.01996968885036666,
            "ece": 0.012154832742121632,
            "false_certainty": 0.011359126984126984,
            "avg_activated": 12.0,
            "ops_per_correct": 20.84647112740605,
            "silence_events": 0,
            "null_diagnostic_events": 0,
            "fe_certificates": 0
          }
        ],
        "params": {
          "lr": 0.12,
          "decay": 0.98,
          "claim": 0.5
        },
        "seeds": [
          15300,
          15301,
          15302,
          15303
        ]
      }
    },
    "batched_reserve_cellular": {
      "regression": {
        "mean": {
          "accuracy": 0.9879712301587302,
          "changed_fact_accuracy": 0.9670350179031048,
          "brier": 0.016847013655864253,
          "ece": 0.0576877309712599,
          "false_certainty": 0.006150793650793651,
          "avg_activated": 4.056448412698413,
          "ops_per_correct": 9.707890415509965,
          "silence_events": 0.0,
          "null_diagnostic_events": 0.0,
          "fe_certificates": 0.0
        },
        "sd": {
          "accuracy": 0.001718662315384003,
          "changed_fact_accuracy": 0.0043941909119695165,
          "brier": 0.0015787620363080163,
          "ece": 0.0007901493296482807,
          "false_certainty": 0.0011223917161691226,
          "avg_activated": 0.005191061687282019,
          "ops_per_correct": 0.04660271710308359,
          "silence_events": 0.0,
          "null_diagnostic_events": 0.0,
          "fe_certificates": 0.0
        },
        "runs": [
          {
            "accuracy": 0.989186507936508,
            "changed_fact_accuracy": 0.9701421800947867,
            "brier": 0.015730660314110974,
            "ece": 0.0582464509204042,
            "false_certainty": 0.005357142857142857,
            "avg_activated": 4.052777777777778,
            "ops_per_correct": 9.674937318224655,
            "silence_events": 0,
            "null_diagnostic_events": 0,
            "fe_certificates": 0
          },
          {
            "accuracy": 0.9867559523809524,
            "changed_fact_accuracy": 0.9639278557114228,
            "brier": 0.017963366997617535,
            "ece": 0.057129011022115594,
            "false_certainty": 0.006944444444444444,
            "avg_activated": 4.060119047619048,
            "ops_per_correct": 9.740843512795273,
            "silence_events": 0,
            "null_diagnostic_events": 0,
            "fe_certificates": 0
          }
        ],
        "params": {
          "lr": 0.22,
          "fast_decay": 0.9,
          "contradiction_gain": 0.85,
          "uncertainty_cost": 0.38,
          "temp": 0.95,
          "anchor": 0.58,
          "min_k": 1,
          "max_k": 8,
          "header_cost": 0.08,
          "cert_delta": 0.08,
          "hazard_gain": 3.0,
          "min_margin": 0.0,
          "shadow_scale": 0.75,
          "reserve_claim_gain": 1.2,
          "reserve_source_gain": 0.0,
          "certify_slack": 0.0
        },