split,method,accuracy,changed_fact_accuracy,brier,ece,false_certainty,avg_activated,ops_per_correct,null_diagnostic_events,fe_certificates
regression,fair_provenance_graph,0.971031746031746,0.9482472053110962,0.022615802481255314,0.014375401054627066,0.01277281746031746,12.0,20.988745374278672,0.0,0.0
fresh,fair_provenance_graph,0.9677579365079365,0.9520837686542587,0.02501995815288894,0.016130560988562657,0.01460813492063492,12.0,21.003863796112707,0.0,0.0
regression,batched_reserve_cellular,0.9879712301587302,0.9670350179031048,0.016847013655864253,0.0576877309712599,0.006150793650793651,4.056448412698413,9.707890415509965,0.0,0.0
fresh,batched_reserve_cellular,0.9860119047619047,0.9660253155858445,0.018282095221515502,0.05734626569657647,0.007006448412698412,4.053906250000001,9.689403888886991,0.0,0.0
regression,active_coalition,0.9631696428571428,0.9421843687374749,0.03946493514658325,0.09644530096920483,0.001736111111111111,3.908531746031746,7.441578308394174,556.5,19603.5
fresh,active_coalition,0.959920634920635,0.9290130023632637,0.04198534451096106,0.09378501498923783,0.0020337301587301584,3.9040054563492057,7.443424416667608,517.25,19641.5
