{
  "protocol": "dbsa_essc_first_look_v1",
  "essc_params_locked": {
    "essc_enabled": true,
    "essc_disable_christmas_bow": true,
    "essc_credit_init": 0.2,
    "essc_max_credit": 0.5,
    "essc_lo_cap": 1.25,
    "essc_credit_lr": 0.08,
    "essc_disagree_emphasis": 2.5
  },
  "brier_noninferiority_delta_unchanged": 0.005,
  "synthetic_24seed_400rounds": {
    "independent_stable": {
      "majority": {
        "mean_brier": 0.07556423611111111
      },
      "fixed_share_hedge": {
        "mean_brier": 0.09835839223740091
      },
      "fading_source_bayes": {
        "mean_brier": 0.04063083228215824
      },
      "aware_essc": {
        "mean_brier": 0.07595768963664973
      }
    },
    "correlated_stable": {
      "majority": {
        "mean_brier": 0.09984953703412038
      },
      "fixed_share_hedge": {
        "mean_brier": 0.12310035374268119
      },
      "fading_source_bayes": {
        "mean_brier": 0.10793199273089223
      },
      "aware_essc": {
        "mean_brier": 0.11995519542445526
      }
    },
    "abrupt_drift": {
      "majority": {
        "mean_brier": 0.08818793402777779
      },
      "fixed_share_hedge": {
        "mean_brier": 0.0433556351882235
      },
      "fading_source_bayes": {
        "mean_brier": 0.019557060680791088
      },
      "aware_essc": {
        "mean_brier": 0.0362842179543672
      }
    },
    "recurring_crossover": {
      "majority": {
        "mean_brier": 0.0956322337962963
      },
      "fixed_share_hedge": {
        "mean_brier": 0.05902431404621589
      },
      "fading_source_bayes": {
        "mean_brier": 0.04796012885923603
      },
      "aware_essc": {
        "mean_brier": 0.052379574695233445
      }
    },
    "adversarial_switch": {
      "majority": {
        "mean_brier": 0.06138599537037037
      },
      "fixed_share_hedge": {
        "mean_brier": 0.06548045401243076
      },
      "fading_source_bayes": {
        "mean_brier": 0.025465124753209768
      },
      "aware_essc": {
        "mean_brier": 0.048865799073225726
      }
    },
    "bursty_missing": {
      "majority": {
        "mean_brier": 0.08012915775539942
      },
      "fixed_share_hedge": {
        "mean_brier": 0.10725242011711573
      },
      "fading_source_bayes": {
        "mean_brier": 0.054912197610468144
      },
      "aware_essc": {
        "mean_brier": 0.07706401095574188
      }
    }
  },
  "weather": {
    "persistence": {
      "brier": 0.5268361571468926,
      "accuracy": 0.4759887005649718,
      "used": 5.946327683615819,
      "stats": {}
    },
    "majority": {
      "brier": 0.16241211544883868,
      "accuracy": 0.7556497175141242,
      "used": 5.946327683615819,
      "stats": {}
    },
    "fixed_share_hedge": {
      "brier": 0.17810975948151528,
      "accuracy": 0.7443502824858758,
      "used": 5.946327683615819,
      "stats": {}
    },
    "ada_hedge": {
      "brier": 0.2316423340697073,
      "accuracy": 0.7471751412429378,
      "used": 5.946327683615819,
      "stats": {}
    },
    "fading_source_bayes": {
      "brier": 0.19129459123023757,
      "accuracy": 0.7655367231638418,
      "used": 5.946327683615819,
      "stats": {}
    },
    "agreement_discounted_bayes": {
      "brier": 0.18334203619945125,
      "accuracy": 0.7655367231638418,
      "used": 5.946327683615819,
      "stats": {}
    },
    "pwdr": {
      "brier": 0.2149391526694357,
      "accuracy": 0.6977401129943502,
      "used": 5.946327683615819,
      "stats": {}
    },
    "active_experimental_aci": {
      "brier": 0.21465746531804242,
      "accuracy": 0.6751412429378532,
      "used": 2.9901129943502824,
      "stats": {}
    },
    "aware_coalition": {
      "brier": 0.1728489315147031,
      "accuracy": 0.7612994350282486,
      "used": 3.538135593220339,
      "stats": {
        "essc_applications": 632,
        "essc_oppose_majority": 104,
        "essc_credit": 0.2893310777383812,
        "essc_gate_updates": 631
      }
    }
  },
  "weather_slices": {
    "n": 708,
    "n_essc_applied": 632,
    "n_oppose_majority": 104,
    "mean_used": 3.538135593220339,
    "mean_n_reports": 5.946327683615819,
    "full_aware_brier": 0.1728489315147031,
    "full_majority_brier": 0.16241211544883868,
    "oppose_aware_brier": 0.26118568143998894,
    "oppose_majority_brier": 0.24377136752136758,
    "agree_shadow_aware_brier": 0.14438870097703807,
    "agree_shadow_majority_brier": 0.13399621204545453
  },
  "honesty": {
    "start_from_aware": true,
    "pwdr_rejected": true,
    "christmas_bow_off_on_crush_path": true,
    "crush_majority_is_the_bar": true,
    "no_retune_after_this_look": true
  }
}