{
  "protocol": "truth_discovery_literature_v1",
  "datasets": {
    "stock_change_pct": {
      "dataset": "stock_change_pct",
      "meta": {
        "n_claims": 107725,
        "n_sources": 53,
        "n_objects": 100,
        "n_days": 21,
        "attributes": [
          "change_pct"
        ],
        "n_gold": 2086
      },
      "methods": {
        "majority_median": {
          "matched_gold": 2086,
          "coverage": 1.0,
          "mae": 1.5421560642377754,
          "rmse": 3.1403381160245494,
          "error_rate": 0.5225311601150527,
          "accuracy": 0.47746883988494726,
          "wall_seconds": 0.309803734,
          "cpu_seconds": 0.309818662,
          "peak_tracemalloc_mb": 20.166728973388672,
          "iterations": 1,
          "ops": 107725,
          "claims_per_sec": 347720.14723360306
        },
        "truthfinder": {
          "matched_gold": 2086,
          "coverage": 1.0,
          "mae": 1.5424469319271332,
          "rmse": 3.1405632305383677,
          "error_rate": 0.5220517737296261,
          "accuracy": 0.4779482262703739,
          "wall_seconds": 0.934575135,
          "cpu_seconds": 0.934575707,
          "peak_tracemalloc_mb": 29.13149642944336,
          "iterations": 1,
          "ops": 215450,
          "claims_per_sec": 115266.28086461984
        },
        "crh": {
          "matched_gold": 2086,
          "coverage": 1.0,
          "mae": 1.5436103040505358,
          "rmse": 3.1405597129402136,
          "error_rate": 0.5263662511984659,
          "accuracy": 0.473633748801534,
          "wall_seconds": 3.713590669,
          "cpu_seconds": 3.713447984,
          "peak_tracemalloc_mb": 20.41193389892578,
          "iterations": 7,
          "ops": 1615875,
          "claims_per_sec": 29008.312870682734
        },
        "catd": {
          "matched_gold": 2086,
          "coverage": 1.0,
          "mae": 1.5436086939824345,
          "rmse": 3.1405597299889942,
          "error_rate": 0.5258868648130393,
          "accuracy": 0.4741131351869607,
          "wall_seconds": 5.018480131,
          "cpu_seconds": 5.018323872,
          "peak_tracemalloc_mb": 20.49988079071045,
          "iterations": 8,
          "ops": 1831325,
          "claims_per_sec": 21465.66234955569
        },
        "streaming_crh": {
          "matched_gold": 2086,
          "coverage": 1.0,
          "mae": 1.5422684671324183,
          "rmse": 3.140332521068177,
          "error_rate": 0.5215723873441994,
          "accuracy": 0.4784276126558006,
          "wall_seconds": 1.664337028,
          "cpu_seconds": 1.664220759,
          "peak_tracemalloc_mb": 2.084735870361328,
          "iterations": 61,
          "ops": 732407,
          "claims_per_sec": 64725.472177621945
        }
      }
    },
    "stock_last_price": {
      "dataset": "stock_last_price",
      "meta": {
        "n_claims": 112229,
        "n_sources": 54,
        "n_objects": 100,
        "n_days": 21,
        "attributes": [
          "last_price"
        ],
        "n_gold": 2098
      },
      "methods": {
        "majority_median": {
          "matched_gold": 2098,
          "coverage": 1.0,
          "mae": 0.0003567683508101414,
          "rmse": 0.0032373718877742427,
          "error_rate": 0.007149666348903683,
          "accuracy": 0.9928503336510963,
          "wall_seconds": 0.303395166,
          "cpu_seconds": 0.303402188,
          "peak_tracemalloc_mb": 21.108516693115234,
          "iterations": 1,
          "ops": 112229,
          "claims_per_sec": 369910.3103046803
        },
        "truthfinder": {
          "matched_gold": 2098,
          "coverage": 1.0,
          "mae": 0.00043183984747360957,
          "rmse": 0.0032961904232013534,
          "error_rate": 0.007149666348903683,
          "accuracy": 0.9928503336510963,
          "wall_seconds": 0.961909932,
          "cpu_seconds": 0.961918586,
          "peak_tracemalloc_mb": 29.591106414794922,
          "iterations": 1,
          "ops": 224458,
          "claims_per_sec": 116673.0857707788
        },
        "crh": {
          "matched_gold": 2098,
          "coverage": 1.0,
          "mae": 0.08646954667730002,
          "rmse": 0.265045807622724,
          "error_rate": 0.15109628217349858,
          "accuracy": 0.8489037178265014,
          "wall_seconds": 3.389292939,
          "cpu_seconds": 3.388972464,
          "peak_tracemalloc_mb": 21.354900360107422,
          "iterations": 6,
          "ops": 1458977,
          "claims_per_sec": 33112.80612796862
        },
        "catd": {
          "matched_gold": 2098,
          "coverage": 1.0,
          "mae": 0.0006129354401818608,
          "rmse": 0.0034163035953054914,
          "error_rate": 0.008579599618684486,
          "accuracy": 0.9914204003813155,
          "wall_seconds": 4.021417206,
          "cpu_seconds": 4.020935954,
          "peak_tracemalloc_mb": 21.44598960876465,
          "iterations": 6,
          "ops": 1458977,
          "claims_per_sec": 27907.82310090907
        },
        "streaming_crh": {
          "matched_gold": 2098,
          "coverage": 1.0,
          "mae": 0.19407012740997004,
          "rmse": 0.6592440334214643,
          "error_rate": 0.15061963775023834,
          "accuracy": 0.8493803622497617,
          "wall_seconds": 1.730377972,
          "cpu_seconds": 1.730262227,
          "peak_tracemalloc_mb": 2.246307373046875,
          "iterations": 60,
          "ops": 753471,
          "claims_per_sec": 64858.084081065725
        }
      }
    },
    "stock_open_price": {
      "dataset": "stock_open_price",
      "meta": {
        "n_claims": 98180,
        "n_sources": 48,
        "n_objects": 99,
        "n_days": 21,
        "attributes": [
          "open_price"
        ],
        "n_gold": 2077
      },
      "methods": {
        "majority_median": {
          "matched_gold": 2077,
          "coverage": 1.0,
          "mae": 0.01994222436206065,
          "rmse": 0.09854416927462639,
          "error_rate": 0.19306692344727971,
          "accuracy": 0.8069330765527203,
          "wall_seconds": 0.276090955,
          "cpu_seconds": 0.276092682,
          "peak_tracemalloc_mb": 18.452030181884766,
          "iterations": 1,
          "ops": 98180,
          "claims_per_sec": 355607.44827732584
        },
        "truthfinder": {
          "matched_gold": 2077,
          "coverage": 1.0,
          "mae": 0.019951853635050545,
          "rmse": 0.09855577228331844,
          "error_rate": 0.19306692344727971,
          "accuracy": 0.8069330765527203,
          "wall_seconds": 0.848236552,
          "cpu_seconds": 0.848191738,
          "peak_tracemalloc_mb": 25.618022918701172,
          "iterations": 1,
          "ops": 196360,
          "claims_per_sec": 115746.01420854591
        },
        "crh": {
          "matched_gold": 2077,
          "coverage": 1.0,
          "mae": 0.0199444490995994,
          "rmse": 0.09854781586157514,
          "error_rate": 0.19306692344727971,
          "accuracy": 0.8069330765527203,
          "wall_seconds": 1.633917378,
          "cpu_seconds": 1.633790292,
          "peak_tracemalloc_mb": 18.696231842041016,
          "iterations": 3,
          "ops": 687260,
          "claims_per_sec": 60088.71765607722
        },
        "catd": {
          "matched_gold": 2077,
          "coverage": 1.0,
          "mae": 0.01994305016545841,
          "rmse": 0.09854659667198844,
          "error_rate": 0.19306692344727971,
          "accuracy": 0.8069330765527203,
          "wall_seconds": 3.7228012,
          "cpu_seconds": 3.722478722,
          "peak_tracemalloc_mb": 18.789835929870605,
          "iterations": 6,
          "ops": 1276340,
          "claims_per_sec": 26372.614256168177
        },
        "streaming_crh": {
          "matched_gold": 2077,
          "coverage": 1.0,
          "mae": 0.019946223517720248,
          "rmse": 0.09854540134810215,
          "error_rate": 0.19306692344727971,
          "accuracy": 0.8069330765527203,