{
  "independent_stable": {
    "Majority": {
      "brier_at_50": 0.07194444444444445,
      "brier_at_200": 0.08093750000000006,
      "brier_at_800": 0.07388020833333368
    },
    "Fixed-Share": {
      "brier_at_50": 0.07981887744133806,
      "brier_at_200": 0.09368345021297061,
      "brier_at_800": 0.09388880245674136
    },
    "Fading Bayes": {
      "brier_at_50": 0.11197794400117854,
      "brier_at_200": 0.06555963227023397,
      "brier_at_800": 0.03407803560216751
    },
    "ACI": {
      "brier_at_50": 0.13247228216374987,
      "brier_at_200": 0.10944522670574168,
      "brier_at_800": 0.08378480629225465
    },
    "Aware": {
      "brier_at_50": 0.12474582964705105,
      "brier_at_200": 0.10260247277609497,
      "brier_at_800": 0.0792720932497581
    }
  },
  "correlated_stable": {
    "Majority": {
      "brier_at_50": 0.09888888888888889,
      "brier_at_200": 0.10732638888888889,
      "brier_at_800": 0.10166666665916668
    },
    "Fixed-Share": {
      "brier_at_50": 0.09835768603217046,
      "brier_at_200": 0.13546606916222886,
      "brier_at_800": 0.1294712225082798
    },
    "Fading Bayes": {
      "brier_at_50": 0.14134763699629244,
      "brier_at_200": 0.12865520104357167,
      "brier_at_800": 0.10936008950183922
    },
    "ACI": {
      "brier_at_50": 0.16826273037288872,
      "brier_at_200": 0.15961616926593283,
      "brier_at_800": 0.1535950394629129
    },
    "Aware": {
      "brier_at_50": 0.1662184582213833,
      "brier_at_200": 0.1465199774728804,
      "brier_at_800": 0.12674538003851116
    }
  },
  "abrupt_drift": {
    "Majority": {
      "brier_at_50": 0.08611111111111108,
      "brier_at_200": 0.08472222222222225,
      "brier_at_800": 0.09223090277777816
    },
    "Fixed-Share": {
      "brier_at_50": 0.050291419935654266,
      "brier_at_200": 0.043193352312495374,
      "brier_at_800": 0.048214039345535545
    },
    "Fading Bayes": {
      "brier_at_50": 0.0707744852550792,
      "brier_at_200": 0.02820118516549283,
      "brier_at_800": 0.0295207518951241
    },
    "ACI": {
      "brier_at_50": 0.13414815612529937,
      "brier_at_200": 0.05926457501934776,
      "brier_at_800": 0.04513896399599786
    },
    "Aware": {
      "brier_at_50": 0.13413087543509478,
      "brier_at_200": 0.05695863572250816,
      "brier_at_800": 0.04397959392442794
    }
  },
  "adversarial_switch": {
    "Majority": {
      "brier_at_50": 0.07347222222222223,
      "brier_at_200": 0.0686458333333334,
      "brier_at_800": 0.1242013888888894
    },
    "Fixed-Share": {
      "brier_at_50": 0.06301988033278193,
      "brier_at_200": 0.0725699745615517,
      "brier_at_800": 0.10414128403506599
    },
    "Fading Bayes": {
      "brier_at_50": 0.10124910998268892,
      "brier_at_200": 0.051660112002956886,
      "brier_at_800": 0.043668653380657306
    },
    "ACI": {
      "brier_at_50": 0.13688532001271286,
      "brier_at_200": 0.09197519600905758,
      "brier_at_800": 0.07193867043231923
    },
    "Aware": {
      "brier_at_50": 0.13311336538910146,
      "brier_at_200": 0.08334177104775196,
      "brier_at_800": 0.06802071446792163
    }
  }
}