method,accuracy,changed_fact_accuracy,brier,ece,false_certainty,avg_activated,ops_per_correct,memory_states
dynamic_bayes,0.9700644841269842,0.939264806380868,0.024841489383904757,0.0089926346196768,0.006832837301587302,12.0,12.370518128383956,72.0
ewma_evidence,0.9625248015873017,0.9429487012268123,0.027726379865918097,0.008826447543421663,0.00625,12.0,12.467677855910585,36.0
provenance_graph,0.9701760912698413,0.9515122747287966,0.02340489536411737,0.015682837857885365,0.014347718253968253,12.0,24.738124283867805,180.0
energetic_cellular,0.979265873015873,0.9401748035729638,0.05052997653968694,0.17448211461503035,0.0,1.200062003968254,51.467380810363764,612.0
