{
  "design": {
    "dev": [
      14000
    ],
    "fresh_holdout": [
      14100,
      14101
    ],
    "scope": "gating-only decision certificate",
    "no_truth_in_gate": true,
    "preview_headers_counted": true
  },
  "best_params": {
    "lr": 0.22,
    "fast_decay": 0.9,
    "contradiction_gain": 0.85,
    "uncertainty_cost": 0.38,
    "temp": 0.95,
    "anchor": 0.58,
    "min_k": 1,
    "max_k": 8,
    "header_cost": 0.2,
    "cert_delta": 0.04,
    "hazard_gain": 3.0,
    "min_margin": 0.03
  },
  "shadow_best_params": {
    "lr": 0.22,
    "fast_decay": 0.9,
    "contradiction_gain": 0.85,
    "uncertainty_cost": 0.38,
    "temp": 0.95,
    "anchor": 0.58,
    "min_k": 1,
    "max_k": 8,
    "header_cost": 0.2,
    "cert_delta": 0.04,
    "hazard_gain": 3.0,
    "min_margin": 0.03,
    "shadow_scale": 0.45
  },
  "dev_result": {
    "mean": {
      "accuracy": 0.9863095238095239,
      "post_change_accuracy": 0.9753968253968254,
      "changed_fact_accuracy": 0.9636563876651982,
      "brier": 0.018459471465499443,
      "ece": 0.05899783244231803,
      "false_certainty": 0.007390873015873016,
      "memory_states": 612.0,
      "updates": 246894.0,
      "active_ops": 776334.0000000177,
      "ops_per_correct": 39.043150271576025,
      "avg_activated": 5.96547619047619,
      "p90_activated": 6.0,
      "avg_hazard": 0.2857640505110204
    },
    "sd": {
      "accuracy": NaN,
      "post_change_accuracy": NaN,
      "changed_fact_accuracy": NaN,
      "brier": NaN,
      "ece": NaN,
      "false_certainty": NaN,
      "memory_states": NaN,
      "updates": NaN,
      "active_ops": NaN,
      "ops_per_correct": NaN,
      "avg_activated": NaN,
      "p90_activated": NaN,
      "avg_hazard": NaN
    },
    "runs": [
      {
        "accuracy": 0.9863095238095239,
        "post_change_accuracy": 0.9753968253968254,
        "changed_fact_accuracy": 0.9636563876651982,
        "brier": 0.018459471465499443,
        "ece": 0.05899783244231803,
        "false_certainty": 0.007390873015873016,
        "memory_states": 612,
        "updates": 246894,
        "active_ops": 776334.0000000177,
        "ops_per_correct": 39.043150271576025,
        "avg_activated": 5.96547619047619,
        "p90_activated": 6.0,
        "avg_hazard": 0.2857640505110204,
        "stop_reasons": {
          "certified": 20092,
          "exhausted": 68
        }
      }
    ],
    "params": {
      "lr": 0.22,
      "fast_decay": 0.9,
      "contradiction_gain": 0.85,
      "uncertainty_cost": 0.38,
      "temp": 0.95,
      "anchor": 0.58,
      "min_k": 1,
      "max_k": 8,
      "header_cost": 0.2,
      "cert_delta": 0.04,
      "hazard_gain": 3.0,
      "min_margin": 0.03
    }
  },
  "shadow_dev_result": {
    "mean": {
      "accuracy": 0.9864583333333333,
      "post_change_accuracy": 0.9760912698412698,
      "changed_fact_accuracy": 0.9651982378854626,
      "brier": 0.017411111929658607,
      "ece": 0.055804256161232635,
      "false_certainty": 0.005952380952380952,
      "memory_states": 612.0,
      "updates": 315504.0,
      "active_ops": 885419.9999999523,
      "ops_per_correct": 44.52255242117727,
      "avg_activated": 5.867410714285715,
      "p90_activated": 6.0,
      "avg_hazard": 0.27160556498596533
    },
    "sd": {
      "accuracy": NaN,
      "post_change_accuracy": NaN,
      "changed_fact_accuracy": NaN,
      "brier": NaN,
      "ece": NaN,
      "false_certainty": NaN,
      "memory_states": NaN,
      "updates": NaN,
      "active_ops": NaN,
      "ops_per_correct": NaN,
      "avg_activated": NaN,
      "p90_activated": NaN,
      "avg_hazard": NaN
    },
    "runs": [
      {
        "accuracy": 0.9864583333333333,
        "post_change_accuracy": 0.9760912698412698,
        "changed_fact_accuracy": 0.9651982378854626,
        "brier": 0.017411111929658607,
        "ece": 0.055804256161232635,
        "false_certainty": 0.005952380952380952,
        "memory_states": 612,
        "updates": 315504,
        "active_ops": 885419.9999999523,
        "ops_per_correct": 44.52255242117727,
        "avg_activated": 5.867410714285715,
        "p90_activated": 6.0,
        "avg_hazard": 0.27160556498596533,
        "stop_reasons": {
          "certified": 20109,
          "exhausted": 51
        }
      }
    ],
    "params": {
      "lr": 0.22,
      "fast_decay": 0.9,
      "contradiction_gain": 0.85,
      "uncertainty_cost": 0.38,
      "temp": 0.95,
      "anchor": 0.58,
      "min_k": 1,
      "max_k": 8,
      "header_cost": 0.2,
      "cert_delta": 0.04,
      "hazard_gain": 3.0,
      "min_margin": 0.03,
      "shadow_scale": 0.45
    }
  },
  "results": {
    "provenance_graph": {
      "mean": {
        "accuracy": 0.9681547619047619,
        "post_change_accuracy": 0.9658234126984127,
        "changed_fact_accuracy": 0.9568940430034465,
        "brier": 0.024577603451460275,
        "ece": 0.01648487887494609,
        "false_certainty": 0.014211309523809524,
        "memory_states": 180.0,
        "updates": 136542.0,
        "active_ops": 483840.0,
        "ops_per_correct": 24.790611144527652,
        "avg_activated": 12.0,
        "p90_activated": 12.0,
        "avg_hazard": 0.0
      },
      "sd": {
        "accuracy": 0.00947018010517702,
        "post_change_accuracy": 0.0121358604310786,
        "changed_fact_accuracy": 0.017767720533029257,
        "brier": 0.008398391805821711,
        "ece": 0.007139075009822186,
        "false_certainty": 0.005997780733278752,
        "memory_states": 0.0,
        "updates": 263.0437226013957,
        "active_ops": 0.0,
        "ops_per_correct": 0.24249382608436645,
        "avg_activated": 0.0,
        "p90_activated": 0.0,
        "avg_hazard": 0.0
      },
      "runs": [
        {
          "accuracy": 0.9614583333333333,
          "post_change_accuracy": 0.9572420634920635,
          "changed_fact_accuracy": 0.944330367328314,
          "brier": 0.03051616324841834,
          "ece": 0.021532967225790775,
          "false_certainty": 0.018452380952380953,
          "memory_states": 180,
          "updates": 136728,
          "active_ops": 483840,
          "ops_per_correct": 24.96208017334778,
          "avg_activated": 12.0,
          "p90_activated": 12.0,
          "avg_hazard": 0.0,
          "stop_reasons": {
            "na": 20160
          }
        },
        {
          "accuracy": 0.9748511904761905,
          "post_change_accuracy": 0.9744047619047619,
          "changed_fact_accuracy": 0.9694577186785789,
          "brier": 0.018639043654502207,
          "ece": 0.011436790524101402,
          "false_certainty": 0.009970238095238095,
          "memory_states": 180,
          "updates": 136356,
          "active_ops": 483840,
          "ops_per_correct": 24.619142115707525,
          "avg_activated": 12.0,
          "p90_activated": 12.0,
          "avg_hazard": 0.0,
          "stop_reasons": {
            "na": 20160
          }
        }
      ],
      "params": {
        "lr": 0.12,
        "decay": 0.98,
        "claim": 0.5
      }
    },
    "fixed_k8_cellular": {
      "mean": {
        "accuracy": 0.9870039682539682,
        "post_change_accuracy": 0.9786706349206349,
        "changed_fact_accuracy": 0.9677395935858749,
        "brier": 0.01599818023443312,
        "ece": 0.04322182447673866,
        "false_certainty": 0.006795634920634921,
        "memory_states": 612.0,
        "updates": 318598.0,
        "active_ops": 1290240.0,
        "ops_per_correct": 64.84273460750765,
        "avg_activated": 8.0,
        "p90_activated": 8.0,
        "avg_hazard": 0.0
      },
      "sd": {
        "accuracy": 0.001052242233908549,
        "post_change_accuracy": 0.0018238865387748184,
        "changed_fact_accuracy": 0.0010961885569889366,
        "brier": 0.0008172406256448087,
        "ece": 0.0007568671592731227,
        "false_certainty": 0.0001402989645211405,
        "memory_states": 0.0,
        "updates": 613.7686860699232,
        "active_ops": 0.0,