method,accuracy,changed_fact_accuracy,brier,ece,false_certainty,avg_activated,p90_activated,ops_per_correct,memory_states
provenance_graph,0.9681547619047619,0.9568940430034465,0.024577603451460275,0.01648487887494609,0.014211309523809524,12.0,12.0,24.790611144527652,180.0
fixed_k8_cellular,0.9870039682539682,0.9677395935858749,0.01599818023443312,0.04322182447673866,0.006795634920634921,8.0,8.0,64.84273460750765,612.0
certified_cellular,0.9857142857142858,0.9642420029524001,0.018202420136337,0.05642375620808941,0.007614087301587302,5.939459325396825,6.0,39.0318915086238,612.0
shadow_certified_cellular,0.9869295634920635,0.9677395935858749,0.01712236867803582,0.05453551147561068,0.006200396825396826,5.8313492063492065,6.0,44.51065372307217,612.0
