method,accuracy,changed_fact_accuracy,brier,ece,false_certainty,avg_activated,p90_activated,ops_per_correct,memory_states
provenance_graph,0.9667328042328043,0.9466379926516307,0.026241900392210873,0.017328183282723172,0.016187169312169312,12.0,12.0,24.826102824995257,180.0
old_energetic,0.9796792328042327,0.942459818753781,0.050320085167922156,0.17514914484992575,0.0,1.2095568783068782,1.0,51.465348737139415,612.0
fixed_k8,0.9866732804232804,0.9639531013014832,0.016569652810665355,0.04285510528106143,0.007787698412698413,8.0,8.0,64.8647143614586,612.0
voi_cellular,0.9822916666666667,0.9519595029793201,0.023070459666875542,0.07812332237326076,0.008267195767195768,4.085945767195767,4.0,57.18495998173921,612.0
