{
  "design": {
    "dev": [
      15100
    ],
    "fresh_holdout": [
      15200,
      15201
    ],
    "scope": "compressed reserve only",
    "no_truth_in_gate": true,
    "principle": "dormant evidence compressed into signed coalition sketches; aggregate shadow learning"
  },
  "best_params": {
    "lr": 0.22,
    "fast_decay": 0.9,
    "contradiction_gain": 0.85,
    "uncertainty_cost": 0.38,
    "temp": 0.95,
    "anchor": 0.58,
    "min_k": 1,
    "max_k": 8,
    "header_cost": 0.08,
    "cert_delta": 0.08,
    "hazard_gain": 3.0,
    "min_margin": 0.0,
    "shadow_scale": 0.75,
    "reserve_claim_gain": 1.2,
    "reserve_source_gain": 0.0,
    "certify_slack": 0.0
  },
  "dev_result": {
    "mean": {
      "accuracy": 0.9864087301587302,
      "post_change_accuracy": 0.977579365079365,
      "changed_fact_accuracy": 0.9644624381466487,
      "brier": 0.018607868287354657,
      "ece": 0.05571885726095173,
      "false_certainty": 0.00798611111111111,
      "memory_states": 612.0,
      "updates": 218953.0,
      "active_ops": 565082.5999999901,
      "ops_per_correct": 28.416101780146338,
      "avg_activated": 4.052281746031746,
      "p90_activated": 4.0,
      "avg_hazard": 0.3154546387899863
    },
    "sd": {
      "accuracy": NaN,
      "post_change_accuracy": NaN,
      "changed_fact_accuracy": NaN,
      "brier": NaN,
      "ece": NaN,
      "false_certainty": NaN,
      "memory_states": NaN,
      "updates": NaN,
      "active_ops": NaN,
      "ops_per_correct": NaN,
      "avg_activated": NaN,
      "p90_activated": NaN,
      "avg_hazard": NaN
    },
    "runs": [
      {
        "accuracy": 0.9864087301587302,
        "post_change_accuracy": 0.977579365079365,
        "changed_fact_accuracy": 0.9644624381466487,
        "brier": 0.018607868287354657,
        "ece": 0.05571885726095173,
        "false_certainty": 0.00798611111111111,
        "memory_states": 612,
        "updates": 218953,
        "active_ops": 565082.5999999901,
        "ops_per_correct": 28.416101780146338,
        "avg_activated": 4.052281746031746,
        "p90_activated": 4.0,
        "avg_hazard": 0.3154546387899863,
        "stop_reasons": {
          "compressed_certified": 20134,
          "exhausted": 26
        }
      }
    ],
    "params": {
      "lr": 0.22,
      "fast_decay": 0.9,
      "contradiction_gain": 0.85,
      "uncertainty_cost": 0.38,
      "temp": 0.95,
      "anchor": 0.58,
      "min_k": 1,
      "max_k": 8,
      "header_cost": 0.08,
      "cert_delta": 0.08,
      "hazard_gain": 3.0,
      "min_margin": 0.0,
      "shadow_scale": 0.75,
      "reserve_claim_gain": 1.2,
      "reserve_source_gain": 0.0,
      "certify_slack": 0.0
    }
  },
  "results": {
    "provenance_graph": {
      "mean": {
        "accuracy": 0.971031746031746,
        "post_change_accuracy": 0.9687996031746031,
        "changed_fact_accuracy": 0.9482472053110962,
        "brier": 0.022615802481255314,
        "ece": 0.014375401054627066,
        "false_certainty": 0.01277281746031746,
        "memory_states": 180.0,
        "updates": 137340.0,
        "active_ops": 483840.0,
        "ops_per_correct": 24.716489629476627,
        "avg_activated": 12.0,
        "p90_activated": 12.0,
        "avg_hazard": 0.0
      },
      "sd": {
        "accuracy": 0.006243303921190803,
        "post_change_accuracy": 0.004840314275979326,
        "changed_fact_accuracy": 0.00616516469079622,
        "brier": 0.004419110031125028,
        "ece": 0.0021416271886867295,
        "false_certainty": 0.0020694097266868204,
        "memory_states": 0.0,
        "updates": 627.9108216936542,
        "active_ops": 0.0,
        "ops_per_correct": 0.15891607792680604,
        "avg_activated": 0.0,
        "p90_activated": 0.0,
        "avg_hazard": 0.0
      },
      "runs": [
        {
          "accuracy": 0.9754464285714286,
          "post_change_accuracy": 0.9722222222222222,
          "changed_fact_accuracy": 0.95260663507109,
          "brier": 0.01949101981143731,
          "ece": 0.012861041946733197,
          "false_certainty": 0.01130952380952381,
          "memory_states": 180,
          "updates": 136896,
          "active_ops": 483840,
          "ops_per_correct": 24.60411899313501,
          "avg_activated": 12.0,
          "p90_activated": 12.0,
          "avg_hazard": 0.0,
          "stop_reasons": {
            "na": 20160
          }
        },
        {
          "accuracy": 0.9666170634920634,
          "post_change_accuracy": 0.9653769841269841,
          "changed_fact_accuracy": 0.9438877755511023,
          "brier": 0.025740585151073317,
          "ece": 0.015889760162520934,
          "false_certainty": 0.01423611111111111,
          "memory_states": 180,
          "updates": 137784,
          "active_ops": 483840,
          "ops_per_correct": 24.82886026581824,
          "avg_activated": 12.0,
          "p90_activated": 12.0,
          "avg_hazard": 0.0,
          "stop_reasons": {
            "na": 20160
          }
        }
      ],
      "params": {
        "lr": 0.12,
        "decay": 0.98,
        "claim": 0.5
      }
    },
    "fixed_k8_cellular": {
      "mean": {
        "accuracy": 0.9879960317460318,
        "post_change_accuracy": 0.9799603174603174,
        "changed_fact_accuracy": 0.9670350179031048,
        "brier": 0.015127426263757652,
        "ece": 0.042701755122563495,
        "false_certainty": 0.006374007936507936,
        "memory_states": 612.0,
        "updates": 320460.0,
        "active_ops": 1290240.0,
        "ops_per_correct": 64.77766713893188,
        "avg_activated": 8.0,
        "p90_activated": 8.0,
        "avg_hazard": 0.0
      },
      "sd": {
        "accuracy": 0.0015432886097325386,
        "post_change_accuracy": 0.0012626906806902588,
        "changed_fact_accuracy": 0.0043941909119695165,
        "brier": 0.001690045355739726,
        "ece": 0.0008448189481739484,
        "false_certainty": 0.0005261211169542764,
        "memory_states": 0.0,
        "updates": 1465.1252506185265,
        "active_ops": 0.0,
        "ops_per_correct": 0.10118526051555256,
        "avg_activated": 0.0,
        "p90_activated": 0.0,
        "avg_hazard": 0.0
      },
      "runs": [
        {
          "accuracy": 0.9890873015873016,
          "post_change_accuracy": 0.9808531746031746,
          "changed_fact_accuracy": 0.9701421800947867,
          "brier": 0.013932383732201261,
          "ece": 0.04210437791543481,
          "false_certainty": 0.006001984126984127,
          "memory_states": 612,
          "updates": 319424,
          "active_ops": 1290240,
          "ops_per_correct": 64.7061183550652,
          "avg_activated": 8.0,
          "p90_activated": 8.0,
          "avg_hazard": 0.0,
          "stop_reasons": {
            "na": 20160
          }
        },
        {
          "accuracy": 0.986904761904762,
          "post_change_accuracy": 0.9790674603174603,
          "changed_fact_accuracy": 0.9639278557114228,
          "brier": 0.016322468795314043,
          "ece": 0.04329913232969218,
          "false_certainty": 0.006746031746031746,
          "memory_states": 612,
          "updates": 321496,
          "active_ops": 1290240,
          "ops_per_correct": 64.84921592279855,
          "avg_activated": 8.0,
          "p90_activated": 8.0,
          "avg_hazard": 0.0,
          "stop_reasons": {
            "na": 20160
          }
        }
      ],
      "params": {
        "k": 8,
        "lr": 0.22,
        "fast_decay": 0.9,
        "contradiction_gain": 0.85,
        "uncertainty_cost": 0.38,
        "temp": 0.95,
        "anchor": 0.58
      }
    },
    "compressed_reserve_cellular": {
      "mean": {
        "accuracy": 0.9879712301587302,
        "post_change_accuracy": 0.9799603174603174,
        "changed_fact_accuracy": 0.9670350179031048,
        "brier": 0.016847013655864256,
        "ece": 0.05768773097125989,
        "false_certainty": 0.006150793650793651,
        "memory_states": 612.0,