method,accuracy,changed_fact_accuracy,brier,ece,false_certainty,avg_activated,p90_activated,ops_per_correct,memory_states
provenance_graph,0.971031746031746,0.9482472053110962,0.022615802481255314,0.014375401054627066,0.01277281746031746,12.0,12.0,24.716489629476627,180.0
fixed_k8_cellular,0.9879960317460318,0.9670350179031048,0.015127426263757652,0.042701755122563495,0.006374007936507936,8.0,8.0,64.77766713893188,612.0
compressed_reserve_cellular,0.9879712301587302,0.9670350179031048,0.016847013655864256,0.05768773097125989,0.006150793650793651,4.056448412698413,4.0,28.179897694869442,612.0
fixed_k4_cellular,0.9820684523809524,0.956625573421725,0.022323100959385236,0.07675563543682445,0.006969246031746031,4.0,4.0,57.0226748541579,612.0
