split,method,accuracy,changed_fact_accuracy,brier,ece,false_certainty,avg_activated,p90_activated,ops_per_correct,inference_ops_per_correct,learning_ops_per_correct,memory_states
regression,fair_provenance_graph,0.971031746031746,0.9482472053110962,0.022615802481255314,0.014375401054627066,0.01277281746031746,12.0,12.0,20.988745374278672,13.388098549299837,7.600646824978836,180.0
fresh,fair_provenance_graph,0.9677579365079365,0.9520837686542587,0.02501995815288894,0.016130560988562657,0.01460813492063492,12.0,12.0,21.003863796112707,13.43401105297253,7.569852743140176,180.0
regression,batched_reserve_cellular,0.9879712301587302,0.9670350179031048,0.016847013655864253,0.0576877309712599,0.006150793650793651,4.056448412698413,4.0,9.707890415509965,5.077537042616171,4.630353372893794,612.0
fresh,batched_reserve_cellular,0.9860119047619047,0.9660253155858445,0.018282095221515502,0.05734626569657647,0.007006448412698412,4.053906250000001,4.0,9.689403888886991,5.085043870380611,4.604360018506378,612.0
