{
  "protocol": "realdata_finance_ablation_v0",
  "stream": {
    "n_events": 6121,
    "n_symbols": 38,
    "n_sources": 12,
    "n_days": 286,
    "contact_events": 3832,
    "holdout_events": 2289,
    "flip_events": 1796,
    "truth_up_rate": 0.5015520339813756,
    "mean_reports": 2.4933834340793988,
    "mean_sites": 1.546479333442248,
    "multi_source_frac": 0.3782061754615259,
    "mean_source_agreement": 0.837298278270006,
    "sources": {
      "0": "benzinga",
      "1": "feeds2",
      "2": "finance",
      "3": "fool",
      "4": "globenewswire",
      "5": "investing",
      "6": "investorplace",
      "7": "itbusiness",
      "8": "marketbeat",
      "9": "marketwatch",
      "10": "profitconfidential",
      "11": "reutersagency"
    }
  },
  "splits": {
    "contact": {
      "baseline_frozen": {
        "n": 3832,
        "accuracy": 0.6129958246346555,
        "flip_accuracy": 0.17054263565891473,
        "nonflip_accuracy": 0.8053163609135155,
        "flip_n": 1161,
        "brier": 0.24096111812615292,
        "ece": 0.06151419623874105,
        "pred_up_rate": 0.5357515657620042,
        "avg_activated": 1.8173277661795406
      },
      "cured_null": {
        "n": 3832,
        "accuracy": 0.6129958246346555,
        "flip_accuracy": 0.17054263565891473,
        "nonflip_accuracy": 0.8053163609135155,
        "flip_n": 1161,
        "brier": 0.24096111812615292,
        "ece": 0.06151419623874105,
        "pred_up_rate": 0.5357515657620042,
        "avg_activated": 1.8173277661795406
      },
      "adaptive_exchange": {
        "n": 3832,
        "accuracy": 0.613517745302714,
        "flip_accuracy": 0.1636520241171404,
        "nonflip_accuracy": 0.8090602770497941,
        "flip_n": 1161,
        "brier": 0.24105971209998156,
        "ece": 0.06492860590972999,
        "pred_up_rate": 0.5367954070981211,
        "avg_activated": 1.8225469728601253
      },
      "prior_neutral": {
        "n": 3832,
        "accuracy": 0.6163883089770354,
        "flip_accuracy": 0.16968130921619293,
        "nonflip_accuracy": 0.8105578435043055,
        "flip_n": 1161,
        "brier": 0.24076815409418212,
        "ece": 0.05620485370299507,
        "pred_up_rate": 0.5365344467640919,
        "avg_activated": 1.8903966597077244
      },
      "surprise_hazard": {
        "n": 3832,
        "accuracy": 0.6150835073068893,
        "flip_accuracy": 0.16623600344530576,
        "nonflip_accuracy": 0.8101834518906776,
        "flip_n": 1161,
        "brier": 0.2404201492796546,
        "ece": 0.05827850813830631,
        "pred_up_rate": 0.537839248434238,
        "avg_activated": 1.8653444676409185
      },
      "source_calib": {
        "n": 3832,
        "accuracy": 0.5973382045929019,
        "flip_accuracy": 0.20155038759689922,
        "nonflip_accuracy": 0.7693747660052415,
        "flip_n": 1161,
        "brier": 0.24241578353926752,
        "ece": 0.049747841093775794,
        "pred_up_rate": 0.5441022964509394,
        "avg_activated": 1.643267223382046
      },
      "corr_downweight": {
        "n": 3832,
        "accuracy": 0.6062108559498957,
        "flip_accuracy": 0.1834625322997416,
        "nonflip_accuracy": 0.7899663047547735,
        "flip_n": 1161,
        "brier": 0.23695166763768732,
        "ece": 0.024189232807364285,
        "pred_up_rate": 0.5472338204592901,
        "avg_activated": 1.731732776617954
      },
      "calibrate_both": {
        "n": 3832,
        "accuracy": 0.5931628392484343,
        "flip_accuracy": 0.21188630490956073,
        "nonflip_accuracy": 0.7588918008236616,
        "flip_n": 1161,
        "brier": 0.2444638226656388,
        "ece": 0.06301908330244088,
        "pred_up_rate": 0.550365344467641,
        "avg_activated": 1.5597599164926932
      },
      "all_combined": {
        "n": 3832,
        "accuracy": 0.596294363256785,
        "flip_accuracy": 0.21016365202411713,
        "nonflip_accuracy": 0.7641332834144515,
        "flip_n": 1161,
        "brier": 0.24385511158980758,
        "ece": 0.06459276742514089,
        "pred_up_rate": 0.5441022964509394,
        "avg_activated": 1.7040709812108559
      }
    },
    "holdout": {
      "baseline_frozen": {
        "n": 2289,
        "accuracy": 0.6229794670161642,
        "flip_accuracy": 0.11496062992125984,
        "nonflip_accuracy": 0.8180169286577993,
        "flip_n": 635,
        "brier": 0.23803014443993542,
        "ece": 0.07707057725829145,
        "pred_up_rate": 0.5342944517256444,
        "avg_activated": 1.7732634338138926
      },
      "cured_null": {
        "n": 2289,
        "accuracy": 0.6229794670161642,
        "flip_accuracy": 0.11496062992125984,
        "nonflip_accuracy": 0.8180169286577993,
        "flip_n": 635,
        "brier": 0.23803014443993542,
        "ece": 0.07707057725829145,
        "pred_up_rate": 0.5342944517256444,
        "avg_activated": 1.7732634338138926
      },
      "adaptive_exchange": {
        "n": 2289,
        "accuracy": 0.6238532110091743,
        "flip_accuracy": 0.11496062992125984,
        "nonflip_accuracy": 0.8192261185006046,
        "flip_n": 635,
        "brier": 0.23851719988635883,
        "ece": 0.0803169071245936,
        "pred_up_rate": 0.5351681957186545,
        "avg_activated": 1.7697684578418524
      },
      "prior_neutral": {
        "n": 2289,
        "accuracy": 0.6277850589777195,
        "flip_accuracy": 0.12440944881889764,
        "nonflip_accuracy": 0.8210399032648126,
        "flip_n": 635,
        "brier": 0.23836187840089038,
        "ece": 0.07963722290497613,
        "pred_up_rate": 0.5347313237221494,
        "avg_activated": 1.833551769331586
      },
      "surprise_hazard": {
        "n": 2289,
        "accuracy": 0.6282219309742245,
        "flip_accuracy": 0.12440944881889764,
        "nonflip_accuracy": 0.8216444981862152,
        "flip_n": 635,
        "brier": 0.2385447664165941,
        "ece": 0.07784930093322315,
        "pred_up_rate": 0.5369156837046746,
        "avg_activated": 1.8235037134119703
      },
      "source_calib": {
        "n": 2289,
        "accuracy": 0.6098733071210135,
        "flip_accuracy": 0.1700787401574803,
        "nonflip_accuracy": 0.7787182587666264,
        "flip_n": 635,
        "brier": 0.24064815828555666,
        "ece": 0.053344045838200196,
        "pred_up_rate": 0.5570117955439057,
        "avg_activated": 1.6649191786806465
      },
      "corr_downweight": {
        "n": 2289,
        "accuracy": 0.6120576671035387,
        "flip_accuracy": 0.14173228346456693,
        "nonflip_accuracy": 0.7926239419588875,
        "flip_n": 635,
        "brier": 0.23576058734598135,
        "ece": 0.04260098168957809,
        "pred_up_rate": 0.5443425076452599,
        "avg_activated": 1.6505024027959807
      },
      "calibrate_both": {
        "n": 2289,
        "accuracy": 0.5972040192223679,
        "flip_accuracy": 0.18110236220472442,
        "nonflip_accuracy": 0.7569528415961306,
        "flip_n": 635,
        "brier": 0.24472158782435044,
        "ece": 0.06855271385207308,
        "pred_up_rate": 0.5609436435124509,
        "avg_activated": 1.5347313237221494
      },
      "all_combined": {
        "n": 2289,
        "accuracy": 0.6028833551769331,
        "flip_accuracy": 0.16535433070866143,
        "nonflip_accuracy": 0.7708585247883918,
        "flip_n": 635,
        "brier": 0.24396595161787424,
        "ece": 0.07259028745315722,
        "pred_up_rate": 0.5596330275229358,
        "avg_activated": 1.7007426823940586
      }
    }
  },
  "null_reproduces_frozen": true,
  "holdout_stats": {
    "baseline_frozen": {
      "accuracy": {
        "mean": 0.6229794670161642,
        "lo": 0.6033202271734381,
        "hi": 0.6430755788553953
      },
      "flip_accuracy": {
        "mean": 0.11496062992125984,
        "lo": 0.09133858267716535,
        "hi": 0.14015748031496064
      }
    },
    "cured_null": {
      "accuracy": {
        "mean": 0.6229794670161642,