{
  "protocol": "realdata_finance_ablation_v0",
  "stream": {
    "n_events": 6121,
    "n_symbols": 38,
    "n_sources": 12,
    "n_days": 286,
    "contact_events": 3832,
    "holdout_events": 2289,
    "flip_events": 1384,
    "truth_up_rate": 0.5044927299460873,
    "mean_reports": 2.4933834340793988,
    "mean_sites": 1.546479333442248,
    "multi_source_frac": 0.3782061754615259,
    "mean_source_agreement": 0.837298278270006,
    "sources": {
      "0": "benzinga",
      "1": "feeds2",
      "2": "finance",
      "3": "fool",
      "4": "globenewswire",
      "5": "investing",
      "6": "investorplace",
      "7": "itbusiness",
      "8": "marketbeat",
      "9": "marketwatch",
      "10": "profitconfidential",
      "11": "reutersagency"
    }
  },
  "splits": {
    "contact": {
      "baseline_frozen": {
        "n": 3832,
        "accuracy": 0.6868475991649269,
        "flip_accuracy": 0.1506228765571914,
        "nonflip_accuracy": 0.8474059003051883,
        "flip_n": 883,
        "brier": 0.20877010593261305,
        "ece": 0.051950389865700386,
        "pred_up_rate": 0.5341858037578288,
        "avg_activated": 1.826983298538622
      },
      "cured_null": {
        "n": 3832,
        "accuracy": 0.6868475991649269,
        "flip_accuracy": 0.1506228765571914,
        "nonflip_accuracy": 0.8474059003051883,
        "flip_n": 883,
        "brier": 0.20877010593261305,
        "ece": 0.051950389865700386,
        "pred_up_rate": 0.5341858037578288,
        "avg_activated": 1.826983298538622
      },
      "adaptive_exchange": {
        "n": 3832,
        "accuracy": 0.6863256784968684,
        "flip_accuracy": 0.14609286523216308,
        "nonflip_accuracy": 0.8480840963038319,
        "flip_n": 883,
        "brier": 0.2085010216345119,
        "ece": 0.04947222631180396,
        "pred_up_rate": 0.5352296450939458,
        "avg_activated": 1.8254175365344467
      },
      "prior_neutral": {
        "n": 3832,
        "accuracy": 0.6884133611691023,
        "flip_accuracy": 0.14949037372593432,
        "nonflip_accuracy": 0.8497795863004408,
        "flip_n": 883,
        "brier": 0.2078602636316577,
        "ece": 0.04982709956634383,
        "pred_up_rate": 0.5315762004175365,
        "avg_activated": 1.8935281837160751
      },
      "surprise_hazard": {
        "n": 3832,
        "accuracy": 0.6905010438413361,
        "flip_accuracy": 0.1551528878822197,
        "nonflip_accuracy": 0.8507968802984063,
        "flip_n": 883,
        "brier": 0.20843752784820854,
        "ece": 0.051181348691729966,
        "pred_up_rate": 0.5336638830897703,
        "avg_activated": 1.8684759916492693
      },
      "source_calib": {
        "n": 3832,
        "accuracy": 0.6711899791231732,
        "flip_accuracy": 0.18006795016987542,
        "nonflip_accuracy": 0.818243472363513,
        "flip_n": 883,
        "brier": 0.22350279099133064,
        "ece": 0.09142328589071465,
        "pred_up_rate": 0.5409707724425887,
        "avg_activated": 1.6688413361169103
      },
      "corr_downweight": {
        "n": 3832,
        "accuracy": 0.6826722338204593,
        "flip_accuracy": 0.15855039637599094,
        "nonflip_accuracy": 0.8396066463207867,
        "flip_n": 883,
        "brier": 0.21280990571322034,
        "ece": 0.052792578153711016,
        "pred_up_rate": 0.5399269311064718,
        "avg_activated": 1.763830897703549
      },
      "calibrate_both": {
        "n": 3832,
        "accuracy": 0.6667536534446764,
        "flip_accuracy": 0.1970554926387316,
        "nonflip_accuracy": 0.8073923363852153,
        "flip_n": 883,
        "brier": 0.2308092288430937,
        "ece": 0.11071921365495846,
        "pred_up_rate": 0.5443632567849687,
        "avg_activated": 1.5942066805845512
      },
      "all_combined": {
        "n": 3832,
        "accuracy": 0.6714509394572025,
        "flip_accuracy": 0.18799546998867497,
        "nonflip_accuracy": 0.8162088843675822,
        "flip_n": 883,
        "brier": 0.23010186535840557,
        "ece": 0.11378083851206008,
        "pred_up_rate": 0.5443632567849687,
        "avg_activated": 1.7118997912317329
      }
    },
    "holdout": {
      "baseline_frozen": {
        "n": 2289,
        "accuracy": 0.6876365224989078,
        "flip_accuracy": 0.11976047904191617,
        "nonflip_accuracy": 0.8467561521252797,
        "flip_n": 501,
        "brier": 0.20955793334922432,
        "ece": 0.07152542089325555,
        "pred_up_rate": 0.5303626037570992,
        "avg_activated": 1.778069025775448
      },
      "cured_null": {
        "n": 2289,
        "accuracy": 0.6876365224989078,
        "flip_accuracy": 0.11976047904191617,
        "nonflip_accuracy": 0.8467561521252797,
        "flip_n": 501,
        "brier": 0.20955793334922432,
        "ece": 0.07152542089325555,
        "pred_up_rate": 0.5303626037570992,
        "avg_activated": 1.778069025775448
      },
      "adaptive_exchange": {
        "n": 2289,
        "accuracy": 0.6885102664919178,
        "flip_accuracy": 0.1157684630738523,
        "nonflip_accuracy": 0.8489932885906041,
        "flip_n": 501,
        "brier": 0.20921724600243113,
        "ece": 0.06982834157127499,
        "pred_up_rate": 0.5338575797291394,
        "avg_activated": 1.778069025775448
      },
      "prior_neutral": {
        "n": 2289,
        "accuracy": 0.691568370467453,
        "flip_accuracy": 0.11776447105788423,
        "nonflip_accuracy": 0.8523489932885906,
        "flip_n": 501,
        "brier": 0.20925944449029338,
        "ece": 0.07594886734653106,
        "pred_up_rate": 0.5299257317605941,
        "avg_activated": 1.8304936653560506
      },
      "surprise_hazard": {
        "n": 2289,
        "accuracy": 0.6937527304499782,
        "flip_accuracy": 0.11776447105788423,
        "nonflip_accuracy": 0.8551454138702461,
        "flip_n": 501,
        "brier": 0.21005799452220772,
        "ece": 0.06601726384390252,
        "pred_up_rate": 0.5364788117081695,
        "avg_activated": 1.8300567933595457
      },
      "source_calib": {
        "n": 2289,
        "accuracy": 0.6583660987330712,
        "flip_accuracy": 0.16367265469061876,
        "nonflip_accuracy": 0.7969798657718121,
        "flip_n": 501,
        "brier": 0.2283840780075594,
        "ece": 0.08427577666140335,
        "pred_up_rate": 0.5543905635648755,
        "avg_activated": 1.6788990825688073
      },
      "corr_downweight": {
        "n": 2289,
        "accuracy": 0.6688510266491918,
        "flip_accuracy": 0.12974051896207583,
        "nonflip_accuracy": 0.819910514541387,
        "flip_n": 501,
        "brier": 0.21647947678781926,
        "ece": 0.059443370039467855,
        "pred_up_rate": 0.5517693315858454,
        "avg_activated": 1.6858890345128876
      },
      "calibrate_both": {
        "n": 2289,
        "accuracy": 0.6452599388379205,
        "flip_accuracy": 0.16966067864271456,
        "nonflip_accuracy": 0.7785234899328859,
        "flip_n": 501,
        "brier": 0.2378835873866331,
        "ece": 0.10621467147155265,
        "pred_up_rate": 0.5596330275229358,
        "avg_activated": 1.564438619484491
      },
      "all_combined": {
        "n": 2289,
        "accuracy": 0.6522498907820009,
        "flip_accuracy": 0.1656686626746507,
        "nonflip_accuracy": 0.7885906040268457,
        "flip_n": 501,
        "brier": 0.2368426406511045,
        "ece": 0.11308677795693507,
        "pred_up_rate": 0.5613805155089558,
        "avg_activated": 1.7038007863695936
      }
    }
  },
  "null_reproduces_frozen": true,
  "holdout_stats": {
    "baseline_frozen": {
      "accuracy": {
        "mean": 0.6876365224989078,
        "lo": 0.6684141546526867,
        "hi": 0.7068588903451288
      },
      "flip_accuracy": {
        "mean": 0.11976047904191617,
        "lo": 0.09181636726546906,
        "hi": 0.14770459081836326
      }
    },
    "cured_null": {
      "accuracy": {
        "mean": 0.6876365224989078,
        "lo": 0.6688510266491918,