{
  "protocol": "realdata_finance_ablation_v0",
  "stream": {
    "n_events": 6121,
    "n_symbols": 38,
    "n_sources": 12,
    "n_days": 286,
    "contact_events": 3832,
    "holdout_events": 2289,
    "flip_events": 2641,
    "truth_up_rate": 0.4963241300441104,
    "mean_reports": 2.4933834340793988,
    "mean_sites": 1.546479333442248,
    "multi_source_frac": 0.3782061754615259,
    "mean_source_agreement": 0.837298278270006,
    "sources": {
      "0": "benzinga",
      "1": "feeds2",
      "2": "finance",
      "3": "fool",
      "4": "globenewswire",
      "5": "investing",
      "6": "investorplace",
      "7": "itbusiness",
      "8": "marketbeat",
      "9": "marketwatch",
      "10": "profitconfidential",
      "11": "reutersagency"
    }
  },
  "splits": {
    "contact": {
      "baseline_frozen": {
        "n": 3832,
        "accuracy": 0.5070459290187892,
        "flip_accuracy": 0.17942583732057416,
        "nonflip_accuracy": 0.7606481481481482,
        "flip_n": 1672,
        "brier": 0.28799888296398285,
        "ece": 0.14533457084908213,
        "pred_up_rate": 0.5232254697286013,
        "avg_activated": 1.8024530271398747
      },
      "cured_null": {
        "n": 3832,
        "accuracy": 0.5070459290187892,
        "flip_accuracy": 0.17942583732057416,
        "nonflip_accuracy": 0.7606481481481482,
        "flip_n": 1672,
        "brier": 0.28799888296398285,
        "ece": 0.14533457084908213,
        "pred_up_rate": 0.5232254697286013,
        "avg_activated": 1.8024530271398747
      },
      "adaptive_exchange": {
        "n": 3832,
        "accuracy": 0.5075678496868476,
        "flip_accuracy": 0.17165071770334928,
        "nonflip_accuracy": 0.7675925925925926,
        "flip_n": 1672,
        "brier": 0.2902529208444135,
        "ece": 0.15127607605893753,
        "pred_up_rate": 0.5200939457202505,
        "avg_activated": 1.8032359081419624
      },
      "prior_neutral": {
        "n": 3832,
        "accuracy": 0.5010438413361169,
        "flip_accuracy": 0.17105263157894737,
        "nonflip_accuracy": 0.7564814814814815,
        "flip_n": 1672,
        "brier": 0.2874367860192889,
        "ece": 0.14926687141948286,
        "pred_up_rate": 0.5219206680584552,
        "avg_activated": 1.8585594989561587
      },
      "surprise_hazard": {
        "n": 3832,
        "accuracy": 0.5075678496868476,
        "flip_accuracy": 0.17464114832535885,
        "nonflip_accuracy": 0.7652777777777777,
        "flip_n": 1672,
        "brier": 0.2873145646225313,
        "ece": 0.1441774856059272,
        "pred_up_rate": 0.5216597077244259,
        "avg_activated": 1.8650835073068894
      },
      "source_calib": {
        "n": 3832,
        "accuracy": 0.5067849686847599,
        "flip_accuracy": 0.21770334928229665,
        "nonflip_accuracy": 0.7305555555555555,
        "flip_n": 1672,
        "brier": 0.2676490441279164,
        "ece": 0.07784063696331205,
        "pred_up_rate": 0.528705636743215,
        "avg_activated": 1.6116910229645094
      },
      "corr_downweight": {
        "n": 3832,
        "accuracy": 0.5020876826722338,
        "flip_accuracy": 0.18839712918660287,
        "nonflip_accuracy": 0.7449074074074075,
        "flip_n": 1672,
        "brier": 0.26459453480404344,
        "ece": 0.09524375200455559,
        "pred_up_rate": 0.5245302713987474,
        "avg_activated": 1.6758872651356993
      },
      "calibrate_both": {
        "n": 3832,
        "accuracy": 0.5049582463465553,
        "flip_accuracy": 0.23444976076555024,
        "nonflip_accuracy": 0.7143518518518519,
        "flip_n": 1672,
        "brier": 0.2596880709440828,
        "ece": 0.05300611338947215,
        "pred_up_rate": 0.5315762004175365,
        "avg_activated": 1.5367954070981211
      },
      "all_combined": {
        "n": 3832,
        "accuracy": 0.5036534446764092,
        "flip_accuracy": 0.22488038277511962,
        "nonflip_accuracy": 0.7194444444444444,
        "flip_n": 1672,
        "brier": 0.2596715546753831,
        "ece": 0.055309028773274135,
        "pred_up_rate": 0.5297494780793319,
        "avg_activated": 1.682150313152401
      }
    },
    "holdout": {
      "baseline_frozen": {
        "n": 2289,
        "accuracy": 0.5264307557885539,
        "flip_accuracy": 0.1826625386996904,
        "nonflip_accuracy": 0.7787878787878788,
        "flip_n": 969,
        "brier": 0.2821599559014444,
        "ece": 0.13693776731048798,
        "pred_up_rate": 0.5688073394495413,
        "avg_activated": 1.7422455220620359
      },
      "cured_null": {
        "n": 2289,
        "accuracy": 0.5264307557885539,
        "flip_accuracy": 0.1826625386996904,
        "nonflip_accuracy": 0.7787878787878788,
        "flip_n": 969,
        "brier": 0.2821599559014444,
        "ece": 0.13693776731048798,
        "pred_up_rate": 0.5688073394495413,
        "avg_activated": 1.7422455220620359
      },
      "adaptive_exchange": {
        "n": 2289,
        "accuracy": 0.5290519877675841,
        "flip_accuracy": 0.17750257997936017,
        "nonflip_accuracy": 0.7871212121212121,
        "flip_n": 969,
        "brier": 0.2845136202369133,
        "ece": 0.1411203679643907,
        "pred_up_rate": 0.5670598514635212,
        "avg_activated": 1.7426823940585408
      },
      "prior_neutral": {
        "n": 2289,
        "accuracy": 0.528178243774574,
        "flip_accuracy": 0.18059855521155832,
        "nonflip_accuracy": 0.7833333333333333,
        "flip_n": 969,
        "brier": 0.28225880839642453,
        "ece": 0.13463251295488318,
        "pred_up_rate": 0.5688073394495413,
        "avg_activated": 1.8038444735692443
      },
      "surprise_hazard": {
        "n": 2289,
        "accuracy": 0.5220620358235037,
        "flip_accuracy": 0.17234262125902994,
        "nonflip_accuracy": 0.7787878787878788,
        "flip_n": 969,
        "brier": 0.28121433553953273,
        "ece": 0.13933230875055044,
        "pred_up_rate": 0.5679335954565312,
        "avg_activated": 1.798165137614679
      },
      "source_calib": {
        "n": 2289,
        "accuracy": 0.527304499781564,
        "flip_accuracy": 0.21878224974200206,
        "nonflip_accuracy": 0.7537878787878788,
        "flip_n": 969,
        "brier": 0.2595322807841958,
        "ece": 0.05053157525967318,
        "pred_up_rate": 0.5766710353866317,
        "avg_activated": 1.6015727391874182
      },
      "corr_downweight": {
        "n": 2289,
        "accuracy": 0.5216251638269986,
        "flip_accuracy": 0.2002063983488132,
        "nonflip_accuracy": 0.7575757575757576,
        "flip_n": 969,
        "brier": 0.2615928254767349,
        "ece": 0.07998386792271639,
        "pred_up_rate": 0.5788553953691569,
        "avg_activated": 1.5910878112712976
      },
      "calibrate_both": {
        "n": 2289,
        "accuracy": 0.5259938837920489,
        "flip_accuracy": 0.239422084623323,
        "nonflip_accuracy": 0.7363636363636363,
        "flip_n": 969,
        "brier": 0.2546620522092056,
        "ece": 0.025943957877380575,
        "pred_up_rate": 0.5858453473132372,
        "avg_activated": 1.5155089558759283
      },
      "all_combined": {
        "n": 2289,
        "accuracy": 0.5312363477501092,
        "flip_accuracy": 0.23529411764705882,
        "nonflip_accuracy": 0.7484848484848485,
        "flip_n": 969,
        "brier": 0.25449267194867226,
        "ece": 0.026381519854665515,
        "pred_up_rate": 0.5867190913062472,
        "avg_activated": 1.6679772826561818
      }
    }
  },
  "null_reproduces_frozen": true,
  "holdout_stats": {
    "baseline_frozen": {
      "accuracy": {
        "mean": 0.5264307557885539,
        "lo": 0.5058977719528178,
        "hi": 0.5469637396242901
      },
      "flip_accuracy": {
        "mean": 0.1826625386996904,
        "lo": 0.15789473684210525,
        "hi": 0.20743034055727555
      }
    },
    "cured_null": {
      "accuracy": {
        "mean": 0.5264307557885539,
        "lo": 0.5054608999563128,