{
  "protocol": "finance_diagnostic_contrast_development_v1",
  "mechanism": "DCAI laws inside SilenceEscapeCellular: cheerleader-null kept, slot preserve-cloud null, paraphrase demotion on edits; sum escape.",
  "grid": [
    {
      "slot_preserve_scale": 0.35,
      "use_slot_null": true,
      "use_survival_hazard": false
    },
    {
      "slot_preserve_scale": 0.5,
      "use_slot_null": true,
      "use_survival_hazard": false
    },
    {
      "slot_preserve_scale": 0.65,
      "use_slot_null": true,
      "use_survival_hazard": false
    }
  ],
  "silence_frozen": {
    "pe_floor": 0.35,
    "pe_span": 0.5,
    "rho_gain": 0.3,
    "max_hazard": 0.7,
    "apply_to_all_positive": true
  },
  "selection": "Among gate passers vs clean (flip>=0.45, acc drop<0.01, up<=0.65, nonflip>=0.50) pick max (flip-silence, flip, nonflip, acc).",
  "cells": {
    "clean_baseline": {
      "accuracy": 0.503584229390681,
      "flip_accuracy": 0.40823970037453183,
      "nonflip_accuracy": 0.5910652920962199,
      "avg_activated": 0.7974910394265233,
      "pred_up_rate": 0.696236559139785,
      "n": 1116,
      "flip_n": 534
    },
    "silence_escape": {
      "accuracy": 0.5062724014336918,
      "flip_accuracy": 0.49063670411985016,
      "nonflip_accuracy": 0.520618556701031,
      "avg_activated": 0.18100358422939067,
      "pred_up_rate": 0.48566308243727596,
      "n": 1116,
      "flip_n": 534
    },
    "dcai_slot0.35": {
      "accuracy": 0.507168458781362,
      "flip_accuracy": 0.50187265917603,
      "nonflip_accuracy": 0.5120274914089347,
      "avg_activated": 0.15949820788530467,
      "pred_up_rate": 0.49551971326164873,
      "n": 1116,
      "flip_n": 534
    },
    "dcai_slot0.5": {
      "accuracy": 0.514336917562724,
      "flip_accuracy": 0.5093632958801498,
      "nonflip_accuracy": 0.5189003436426117,
      "avg_activated": 0.16577060931899643,
      "pred_up_rate": 0.49193548387096775,
      "n": 1116,
      "flip_n": 534
    },
    "dcai_slot0.65": {
      "accuracy": 0.5134408602150538,
      "flip_accuracy": 0.5037453183520599,
      "nonflip_accuracy": 0.5223367697594502,
      "avg_activated": 0.16487455197132617,
      "pred_up_rate": 0.4946236559139785,
      "n": 1116,
      "flip_n": 534
    }
  },
  "paired": {
    "dcai_slot0.35": {
      "vs_clean_accuracy": {
        "delta": 0.0035842293906810036,
        "lo": -0.03763440860215054,
        "hi": 0.044802867383512544,
        "p": 0.852
      },
      "vs_clean_flip": {
        "delta": 0.09363295880149813,
        "lo": 0.03553370786516854,
        "hi": 0.149812734082397,
        "p": 0.004
      },
      "vs_silence_flip": {
        "delta": 0.011235955056179775,
        "lo": -0.0149812734082397,
        "hi": 0.03745318352059925,
        "p": 0.353
      }
    },
    "dcai_slot0.5": {
      "vs_clean_accuracy": {
        "delta": 0.010752688172043012,
        "lo": -0.02956989247311828,
        "hi": 0.05197132616487455,
        "p": 0.586
      },
      "vs_clean_flip": {
        "delta": 0.10112359550561797,
        "lo": 0.04681647940074907,
        "hi": 0.16104868913857678,
        "p": 0.001
      },
      "vs_silence_flip": {
        "delta": 0.018726591760299626,
        "lo": -0.0056179775280898875,
        "hi": 0.04307116104868914,
        "p": 0.116
      }
    },
    "dcai_slot0.65": {
      "vs_clean_accuracy": {
        "delta": 0.00985663082437276,
        "lo": -0.02956989247311828,
        "hi": 0.0492831541218638,
        "p": 0.651
      },
      "vs_clean_flip": {
        "delta": 0.09550561797752809,
        "lo": 0.03745318352059925,
        "hi": 0.15543071161048688,
        "p": 0.003
      },
      "vs_silence_flip": {
        "delta": 0.013108614232209739,
        "lo": -0.009363295880149813,
        "hi": 0.035580524344569285,
        "p": 0.222
      }
    }
  },
  "winners": [
    "dcai_slot0.35",
    "dcai_slot0.5",
    "dcai_slot0.65"
  ],
  "selected_winner": "dcai_slot0.5",
  "passes_development_gate": true,
  "note": "Contact-tail only. Fresh confirmation requires confirmation5 and a frozen one-shot protocol \u2014 not this script."
}