{
  "protocol": "realdata_finance_v0",
  "stream": {
    "n_events": 6121,
    "n_symbols": 38,
    "n_sources": 12,
    "n_days": 286,
    "contact_events": 3832,
    "holdout_events": 2289,
    "flip_events": 2641,
    "truth_up_rate": 0.4963241300441104,
    "mean_reports": 2.4933834340793988,
    "mean_sites": 1.546479333442248,
    "multi_source_frac": 0.3782061754615259,
    "mean_source_agreement": 0.837298278270006,
    "sources": {
      "0": "benzinga",
      "1": "feeds2",
      "2": "finance",
      "3": "fool",
      "4": "globenewswire",
      "5": "investing",
      "6": "investorplace",
      "7": "itbusiness",
      "8": "marketbeat",
      "9": "marketwatch",
      "10": "profitconfidential",
      "11": "reutersagency"
    }
  },
  "params": {
    "cellular": {
      "lr": 0.22,
      "fast_decay": 0.9,
      "contradiction_gain": 0.85,
      "uncertainty_cost": 0.38,
      "temp": 0.95,
      "anchor": 0.58,
      "min_k": 1,
      "max_k": 8,
      "header_cost": 0.08,
      "cert_delta": 0.08,
      "hazard_gain": 3.0,
      "min_margin": 0.0,
      "shadow_scale": 0.75,
      "reserve_claim_gain": 1.2,
      "reserve_source_gain": 0.0,
      "certify_slack": 0.0
    },
    "graph": {
      "lr": 0.12,
      "decay": 0.98,
      "claim": 0.5
    }
  },
  "splits": {
    "all": {
      "persistence_oracle": {
        "n": 6121,
        "accuracy": 0.5162555138049338,
        "brier": 0.48374448619506616,
        "ece": 0.48374448619506616,
        "truth_up_rate": 0.4963241300441104,
        "pred_up_rate": 0.5121712138539455,
        "flip_n": 2641,
        "flip_accuracy": 0.1859144263536539,
        "nonflip_accuracy": 0.7669540229885058,
        "avg_activated": 0.0,
        "avg_reports": 2.4933834340793988,
        "avg_sites": 1.546479333442248,
        "mean_source_agreement": 0.837298278270006,
        "active_ops": 6121.0,
        "ops_per_correct": 1.9370253164556963,
        "memory_states": 0
      },
      "memoryless_majority": {
        "n": 6121,
        "accuracy": 0.49599738604803134,
        "brier": 0.4768325640600145,
        "ece": 0.4612703044430266,
        "truth_up_rate": 0.4963241300441104,
        "pred_up_rate": 0.9451070086587159,
        "flip_n": 2641,
        "flip_accuracy": 0.4945096554335479,
        "nonflip_accuracy": 0.49712643678160917,
        "avg_activated": 2.4933834340793988,
        "avg_reports": 2.4933834340793988,
        "avg_sites": 1.546479333442248,
        "mean_source_agreement": 0.837298278270006,
        "active_ops": 15262.0,
        "ops_per_correct": 5.0270092226613965,
        "memory_states": 0
      },
      "recent_majority": {
        "n": 6121,
        "accuracy": 0.4979578500245058,
        "brier": 0.4414379925272074,
        "ece": 0.41598960512095245,
        "truth_up_rate": 0.4963241300441104,
        "pred_up_rate": 0.9797418722430975,
        "flip_n": 2641,
        "flip_accuracy": 0.5043544112078758,
        "nonflip_accuracy": 0.49310344827586206,
        "avg_activated": 2.4933834340793988,
        "avg_reports": 2.4933834340793988,
        "avg_sites": 1.546479333442248,
        "mean_source_agreement": 0.837298278270006,
        "active_ops": 15262.0,
        "ops_per_correct": 5.007217847769029,
        "memory_states": 114
      },
      "dynamic_bayes": {
        "n": 6121,
        "accuracy": 0.49665087404018954,
        "brier": 0.26193848409557763,
        "ece": 0.06120450573284109,
        "truth_up_rate": 0.4963241300441104,
        "pred_up_rate": 0.9356314327724228,
        "flip_n": 2641,
        "flip_accuracy": 0.4945096554335479,
        "nonflip_accuracy": 0.4982758620689655,
        "avg_activated": 2.4933834340793988,
        "avg_reports": 2.4933834340793988,
        "avg_sites": 1.546479333442248,
        "mean_source_agreement": 0.837298278270006,
        "active_ops": 15262.0,
        "ops_per_correct": 5.020394736842105,
        "memory_states": 24
      },
      "fair_provenance_graph": {
        "n": 6121,
        "accuracy": 0.512334585851985,
        "brier": 0.35279509957796323,
        "ece": 0.28346514822878066,
        "truth_up_rate": 0.4963241300441104,
        "pred_up_rate": 0.4834177421989871,
        "flip_n": 2641,
        "flip_accuracy": 0.40590685346459676,
        "nonflip_accuracy": 0.593103448275862,
        "avg_activated": 2.4933834340793988,
        "avg_reports": 2.4933834340793988,
        "avg_sites": 1.546479333442248,
        "mean_source_agreement": 0.837298278270006,
        "active_ops": 42695.0,
        "ops_per_correct": 13.614477040816327,
        "memory_states": 50
      },
      "batched_reserve_cellular": {
        "n": 6121,
        "accuracy": 0.5142950498284594,
        "brier": 0.28581536653755735,
        "ece": 0.142194514763501,
        "truth_up_rate": 0.4963241300441104,
        "pred_up_rate": 0.5402711975167457,
        "flip_n": 2641,
        "flip_accuracy": 0.1806134040136312,
        "nonflip_accuracy": 0.7675287356321839,
        "avg_activated": 1.779937918640745,
        "avg_reports": 2.4933834340793988,
        "avg_sites": 1.546479333442248,
        "mean_source_agreement": 0.837298278270006,
        "active_ops": 44597.959999999366,
        "ops_per_correct": 14.167077509529658,
        "memory_states": 164
      }
    },
    "contact": {
      "persistence_oracle": {
        "n": 3832,
        "accuracy": 0.5242693110647182,
        "brier": 0.47573068893528186,
        "ece": 0.4757306889352818,
        "truth_up_rate": 0.4921711899791232,
        "pred_up_rate": 0.49608559498956156,
        "flip_n": 1672,
        "flip_accuracy": 0.20992822966507177,
        "nonflip_accuracy": 0.7675925925925926,
        "avg_activated": 0.0,
        "avg_reports": 2.55062630480167,
        "avg_sites": 1.5751565762004176,
        "mean_source_agreement": 0.8031003243636604,
        "active_ops": 6121.0,
        "ops_per_correct": 3.0467894474863115,
        "memory_states": 0
      },
      "memoryless_majority": {
        "n": 3832,
        "accuracy": 0.4913883089770355,
        "brier": 0.47353971102215453,
        "ece": 0.45649492291268856,
        "truth_up_rate": 0.4921711899791232,
        "pred_up_rate": 0.933455114822547,
        "flip_n": 1672,
        "flip_accuracy": 0.4958133971291866,
        "nonflip_accuracy": 0.487962962962963,
        "avg_activated": 2.55062630480167,
        "avg_reports": 2.55062630480167,
        "avg_sites": 1.5751565762004176,
        "mean_source_agreement": 0.8031003243636604,
        "active_ops": 15262.0,
        "ops_per_correct": 8.105151354221986,
        "memory_states": 0
      },
      "recent_majority": {
        "n": 3832,
        "accuracy": 0.4955636743215031,
        "brier": 0.4322143478538572,
        "ece": 0.4011396950051148,
        "truth_up_rate": 0.4921711899791232,
        "pred_up_rate": 0.9741649269311065,
        "flip_n": 1672,
        "flip_accuracy": 0.5101674641148325,
        "nonflip_accuracy": 0.4842592592592593,
        "avg_activated": 2.55062630480167,
        "avg_reports": 2.55062630480167,
        "avg_sites": 1.5751565762004176,
        "mean_source_agreement": 0.8031003243636604,
        "active_ops": 15262.0,
        "ops_per_correct": 8.03686150605582,
        "memory_states": 114
      },
      "dynamic_bayes": {
        "n": 3832,
        "accuracy": 0.49191022964509395,
        "brier": 0.2600861034843558,
        "ece": 0.052899402501078316,
        "truth_up_rate": 0.4921711899791232,
        "pred_up_rate": 0.9219728601252609,
        "flip_n": 1672,
        "flip_accuracy": 0.49521531100478466,
        "nonflip_accuracy": 0.48935185185185187,
        "avg_activated": 2.55062630480167,
        "avg_reports": 2.55062630480167,
        "avg_sites": 1.5751565762004176,
        "mean_source_agreement": 0.8031003243636604,
        "active_ops": 15262.0,
        "ops_per_correct": 8.096551724137932,
        "memory_states": 24
      },
      "fair_provenance_graph": {
        "n": 3832,