{
  "design": {
    "scope": "post-hoc calibration only",
    "substrate_locked": true,
    "gate_locked": true,
    "learning_locked": true,
    "dev_seeds": [
      15400,
      15401,
      15402,
      15403
    ],
    "untouched_test_seeds": [
      15500,
      15501,
      15502,
      15503
    ]
  },
  "fit": {
    "temperature_T": 0.6004831428924371,
    "platt_a": 1.6651552899023894,
    "platt_b": 0.031856605343348464,
    "dev_uncalibrated": {
      "accuracy": 0.9859126984126985,
      "brier": 0.018504788642906705,
      "ece": 0.057229909365692826,
      "nll": 0.10112651069030895,
      "false_certainty": 0.0071800595238095235
    },
    "dev_temperature": {
      "accuracy": 0.9859126984126985,
      "brier": 0.015734385591711458,
      "ece": 0.011670803326085763,
      "nll": 0.07098867135493143,
      "false_certainty": 0.011061507936507937
    },
    "dev_platt": {
      "accuracy": 0.9857638888888889,
      "brier": 0.01573487324310485,
      "ece": 0.011514731656110189,
      "nll": 0.07098039135779624,
      "false_certainty": 0.011061507936507937
    },
    "dev_isotonic": {
      "accuracy": 0.985999503968254,
      "brier": 0.012708822039132778,
      "ece": 1.5215774119798796e-09,
      "nll": 0.05753474912209899,
      "false_certainty": 0.005890376984126984
    }
  },
  "test": {
    "uncalibrated": {
      "accuracy": 0.9862723214285715,
      "brier": 0.018285098281318943,
      "ece": 0.05664229439156594,
      "nll": 0.10141794391990297,
      "false_certainty": 0.007142857142857143,
      "changed_fact_accuracy": 0.9633193344319813,
      "reliability_bins": [
        {
          "lo": 0.0,
          "hi": 0.1,
          "count": 39005,
          "mean_conf": 0.05404613088807349,
          "empirical_rate": 0.008921933085501859,
          "gap": 0.045124197802571625
        },
        {
          "lo": 0.1,
          "hi": 0.2,
          "count": 740,
          "mean_conf": 0.11648412154262318,
          "empirical_rate": 0.22297297297297297,
          "gap": 0.10648885143034979
        },
        {
          "lo": 0.2,
          "hi": 0.30000000000000004,
          "count": 187,
          "mean_conf": 0.25853973867882424,
          "empirical_rate": 0.11764705882352941,
          "gap": 0.14089267985529483
        },
        {
          "lo": 0.30000000000000004,
          "hi": 0.4,
          "count": 661,
          "mean_conf": 0.3525838661047609,
          "empirical_rate": 0.030257186081694403,
          "gap": 0.32232668002306647
        },
        {
          "lo": 0.4,
          "hi": 0.5,
          "count": 701,
          "mean_conf": 0.4486583383277296,
          "empirical_rate": 0.10271041369472182,
          "gap": 0.3459479246330078
        },
        {
          "lo": 0.5,
          "hi": 0.6000000000000001,
          "count": 700,
          "mean_conf": 0.544790968644801,
          "empirical_rate": 0.8314285714285714,
          "gap": 0.2866376027837704
        },
        {
          "lo": 0.6000000000000001,
          "hi": 0.7000000000000001,
          "count": 558,
          "mean_conf": 0.6449403973289913,
          "empirical_rate": 0.982078853046595,
          "gap": 0.3371384557176037
        },
        {
          "lo": 0.7000000000000001,
          "hi": 0.8,
          "count": 154,
          "mean_conf": 0.7422209228553452,
          "empirical_rate": 0.9090909090909091,
          "gap": 0.16686998623556382
        },
        {
          "lo": 0.8,
          "hi": 0.9,
          "count": 737,
          "mean_conf": 0.8850459794551694,
          "empirical_rate": 0.8507462686567164,
          "gap": 0.034299710798452954
        },
        {
          "lo": 0.9,
          "hi": 1.0,
          "count": 37197,
          "mean_conf": 0.9452885252140122,
          "empirical_rate": 0.9938704734252762,
          "gap": 0.04858194821126405
        }
      ]
    },
    "temperature": {
      "accuracy": 0.9862723214285715,
      "brier": 0.015354315615955287,
      "ece": 0.010933031340940437,
      "nll": 0.07042625502305896,
      "false_certainty": 0.010602678571428572,
      "changed_fact_accuracy": 0.9633193344319813,
      "reliability_bins": [
        {
          "lo": 0.0,
          "hi": 0.1,
          "count": 39752,
          "mean_conf": 0.009118671868064228,
          "empirical_rate": 0.012955323002616221,
          "gap": 0.0038366511345519928
        },
        {
          "lo": 0.1,
          "hi": 0.2,
          "count": 181,
          "mean_conf": 0.15070615301478965,
          "empirical_rate": 0.11049723756906077,
          "gap": 0.04020891544572888
        },
        {
          "lo": 0.2,
          "hi": 0.30000000000000004,
          "count": 506,
          "mean_conf": 0.25013978135642856,
          "empirical_rate": 0.021739130434782608,
          "gap": 0.22840065092164596
        },
        {
          "lo": 0.30000000000000004,
          "hi": 0.4,
          "count": 348,
          "mean_conf": 0.33672835150842895,
          "empirical_rate": 0.05747126436781609,
          "gap": 0.27925708714061287
        },
        {
          "lo": 0.4,
          "hi": 0.5,
          "count": 507,
          "mean_conf": 0.44247838312885546,
          "empirical_rate": 0.1203155818540434,
          "gap": 0.32216280127481206
        },
        {
          "lo": 0.5,
          "hi": 0.6000000000000001,
          "count": 553,
          "mean_conf": 0.5522347693623256,
          "empirical_rate": 0.8028933092224232,
          "gap": 0.25065853986009756
        },
        {
          "lo": 0.6000000000000001,
          "hi": 0.7000000000000001,
          "count": 299,
          "mean_conf": 0.6639537783652854,
          "empirical_rate": 0.9565217391304348,
          "gap": 0.29256796076514946
        },
        {
          "lo": 0.7000000000000001,
          "hi": 0.8,
          "count": 403,
          "mean_conf": 0.7490737712224382,
          "empirical_rate": 0.9851116625310173,
          "gap": 0.2360378913085791
        },
        {
          "lo": 0.8,
          "hi": 0.9,
          "count": 151,
          "mean_conf": 0.8494407833656583,
          "empirical_rate": 0.9205298013245033,
          "gap": 0.07108901795884504
        },
        {
          "lo": 0.9,
          "hi": 1.0,
          "count": 37940,
          "mean_conf": 0.9906745166821593,
          "empirical_rate": 0.9910384818133896,
          "gap": 0.0003639651312302705
        }
      ]
    },
    "platt": {
      "accuracy": 0.9859499007936507,
      "brier": 0.015363667436481074,
      "ece": 0.010296852781984788,
      "nll": 0.07038934606847808,
      "false_certainty": 0.010577876984126985,
      "changed_fact_accuracy": 0.9633724948168625,
      "reliability_bins": [
        {
          "lo": 0.0,
          "hi": 0.1,
          "count": 39747,
          "mean_conf": 0.00940296835140659,
          "empirical_rate": 0.012906634462978338,
          "gap": 0.0035036661115717474
        },
        {
          "lo": 0.1,
          "hi": 0.2,
          "count": 183,
          "mean_conf": 0.15262131048094738,
          "empirical_rate": 0.12021857923497267,
          "gap": 0.0324027312459747
        },
        {
          "lo": 0.2,
          "hi": 0.30000000000000004,
          "count": 504,
          "mean_conf": 0.25538052650664655,
          "empirical_rate": 0.017857142857142856,
          "gap": 0.2375233836495037
        },
        {
          "lo": 0.30000000000000004,
          "hi": 0.4,
          "count": 344,
          "mean_conf": 0.3416927754661159,
          "empirical_rate": 0.06395348837209303,
          "gap": 0.27773928709402285
        },
        {
          "lo": 0.4,
          "hi": 0.5,
          "count": 474,
          "mean_conf": 0.44442324623916935,
          "empirical_rate": 0.11181434599156118,
          "gap": 0.33260890024760814
        },
        {
          "lo": 0.5,
          "hi": 0.6000000000000001,
          "count": 584,
          "mean_conf": 0.5554252361060247,