method,accuracy,changed_fact_accuracy,brier,ece,nll,false_certainty
provenance_graph,0.9612227182539682,0.9322205092764871,0.030111724412585292,0.019749047632693334,0.14126326347775217,0.018229166666666668
uncalibrated,0.9862723214285715,0.9633193344319813,0.018285098281318943,0.05664229439156594,0.10141794391990297,0.007142857142857143
temperature,0.9862723214285715,0.9633193344319813,0.015354315615955287,0.010933031340940437,0.07042625502305896,0.010602678571428572
platt,0.9859499007936507,0.9633724948168625,0.015363667436481074,0.010296852781984788,0.07038934606847808,0.010577876984126985
isotonic,0.9862599206349206,0.9633193344319813,0.012732127375115821,0.0019658626970430965,0.05924951421070682,0.006398809523809524
